input:,output:
如何取得學號？,在學生學號查詢系統(https://alcat.pu.edu.tw/stdnoquery/index.php)輸入身分證字號，即可取得學號。
校園帳號是什麼？,靜宜大學校園帳號是提供學生使用的一組帳號和密碼，可使用此帳號登入學校的各項資訊服務，包括靜宜電子郵件、e 校園服務網、軟體雲、玩課雲(Wow Class)、教學輔助活動管理系統及無線網路等。
如何啟用校園帳號？,"新生可在取得學號後，於靜宜大學資訊處首頁(https://oits.pu.edu.tw/p/426-1002-3.php?Lang=zh-tw) 的「新生專區」區塊，點選「帳號啟用」，依頁面指示輸入個人基本資料及設定密碼，即可完成帳號啟用。
"
忘記校園帳號密碼改怎麼辦？,若忘記靜宜大學校園帳號密碼，可於靜宜大學資訊處首頁(https://oits.pu.edu.tw/p/426-1002-3.php?Lang=zh-tw) 的「新生專區」區塊，點選「帳號密碼重設」，依頁面指示輸入個人基本資料及驗證身分，即可重設密碼。
"資料確認暨上傳時間是？
","特殊選才、繁星推薦、申請入學：113/6/24~113/7/7
運動績優、四技二專、身心障礙、分發入學、原住民專班、社工系二年制在職專班：113/8/20~113/8/29
"
如何更正我的姓名資料？,"需提供戶籍謄本正本 1 份及更名後身分證正反面影本 1 份。若逾期，則需按在校生更改姓名程序辦理。

承辦單位：教務處綜合業務組，分機 11111～11122。
"
該如何寄送更正姓名所需文件？,"將文件寄至 433 台中市沙鹿區台灣大道 7 段 200 號，綜合業務組收。信封上需註明系所名稱-新生更名，例如：法律系-新生陳○○更名。特殊選才、繁星推薦、申請入學，須於 113/7/15(一)前寄達；運動績優、四技二專、身心障礙、分發入學、原住民專班、社工系二年制在職專班，須於 113/8/28(三)前寄達。

承辦單位：教務處綜合業務組，分機 11111～11122。
"
學生基本資料確認步驟？,"至 e 校園服務網登入校園帳號密碼，點選「各類系統功能 -> 教務 -> 學生基本資料確認」，完成下方各項目的填寫及上傳。

* 基本資料：姓名、身分證字號、出生日期、性別、戶籍地址、通訊地址、聯絡電話、電子郵件信箱等，郵局帳號請填寫學生本人之帳戶資料。 
* 緊急聯絡人資料：姓名、身分證字號、聯絡電話、與學生關係等。
* 校園生活資料：學務相關資料
* 個人資料使用同意書：個人資料使用同意書、健康檢查作業委託「承檢醫院」個資使用同意書、協助學生就醫相關事宜告知書等。 
* 大頭照上傳：請以「身分證用大頭照」之規格上傳。
* 文件上傳：學歷證件(高中畢業證書、高中肄業證明書(未畢業者)，請以掃描或手機拍照方式存成 JPG 檔後上傳。)、身分證正反面、個人資料使用同意書。

承辦單位：教務處綜合業務組，分機 11111～11122。
"
通訊地址欄位有什麼需要注意的？,"通訊地址欄位為學生學習權益通知的寄送地，一經確認即無法於線上更改。如需變更，請至綜合業務組網頁「表單下載」，列印【0501-在校生更改地址申請單】送交綜合業務組提出申請。

承辦單位：教務處綜合業務組，分機 11111～11122。
"
學生證相片電子檔有什麼規格要求？,"學生證相片電子檔請以「身分證用大頭照」之規格上傳，即照相館所附光碟之 JPG 檔上傳，勿做任何縮放或修圖，切勿使用生活照。經檢核不符合規格者，將以簡訊通知修訂，敬請配合作業，以免耽誤學生證製作期限。
"
學生證用途有哪些？,"學生證為一卡通學生證，於四大超商儲值後，可於「文興樓一樓」、「至善樓東門」全功能成績列印自動化繳費機及「主顧樓」教務文件自助列印 POS 系統設備，列印在學證明、成績單等文件，並可以進行其他體育設施等小額款項繳費。
"
113學年度第2學期學雜費的繳費截止日是什麼時候？,113 年 09 月 08 日(日)
本國籍大學部學生學雜費繳費單上列的金額是否已經扣除「行政院減免學雜費」？,"是的，已經扣除「行政院減免學雜費」1.75 萬元整。

承辦單位：出納組，分機 11310、11313、11314。
"
如果要申請「全額學雜費繳費單」，應該怎麼辦？,"依本校學務處生活輔導組公告程序辦理後，方得變更繳費單。

承辦單位：出納組，分機 11310、11313、11314。
"
請問我可以在哪裡取得學雜費繳費單？,"您可以透過以下方式取得學雜費繳費單：
* 第一銀行網站 -> 第 e 學雜費入口網 -> 選擇靜宜大學 -> 輸入學號。
* 利用手機或平板電腦繳費 -> 請安裝[靜宜大學]APP -> 點選 [MyPU] -> 登入後點選[教職員/學生專區 -> 學雜費繳費單]。 
* 靜宜大學首頁 -> 學雜費專區 -> 學雜費查詢及繳費單列印。

承辦單位：出納組，分機 11310、11313、11314。
"
請問新生什麼時候會收到學雜費繳費單？,"113/08/18 起由第一銀行寄出繳費單，「運動績優、身心障礙、四技二專、分發入學、原住民專班、社工系二年制在職專班」入學新生如申請並錄取校內住宿者，請於 113/08/29 後至本校首頁學雜費專區下載繳費單辦理繳費。如申請學校宿舍備取經錄取後，請至本校首頁學雜費專區重新下載繳費單辦理繳費。提醒您，為響應環保減少紙張印製，113 學年度第 2 學期不再郵寄紙本繳費單。

承辦單位：出納組，分機 11310、11313、11314。
"
學雜費繳款方式有哪些？,臨櫃繳交、金融卡轉帳、信用卡繳費、超商繳費。
學雜費臨櫃繳款如何操作？,請持繳費單至第一銀行分行臨櫃繳費，無手續費，隔天入帳。
學雜費金融卡轉帳如何操作？,"1. 選擇【繳費】，勿選轉帳。 
2. 輸入第一銀行代號【007】 
3. 輸入【存戶編號(轉入帳號)】 
4. 輸入【繳款金額】 

* 學雜費、課外活動費繳款單【存戶編號(轉入帳號)】代號不同，不可合併匯款 
* 非跨行無手續費，跨行手續費 16 元，隔天入帳。"
學雜費信用卡繳費如何操作？,"1. 第一銀行第 e 學雜費入口網：輸入【學號】及 6 碼【驗證碼】(驗證碼：生日西元年末 2 碼+月 2 碼+日 2 碼) 
2. 中國信託銀行 i 繳費平台：點選【學費/信用卡繳學費】，輸入學校代號【8814600440】並輸入繳費單上之【存戶編號（轉入帳號）】 依各發卡銀行規定，3 個工作日入帳。"
學雜費超商繳費如何操作？,請持繳費單或下載靜宜大學 APP 持手機條碼，至統一、全家、萊爾富、OK 超商門市繳款 2 萬以下：10 元 逾 2 萬至 4 萬：15 元 逾 4 萬至 6 萬：18 元 逾 6 萬：不代收 7 個工作日入帳。
如何查詢繳費狀況？,"靜宜大學首頁 -> 學雜費專區 -> 學雜費繳費證明列印。

承辦單位：出納組，分機 11310、11313、11314。
"
學雜費之退費標準為何？,"依教育部專科以上學校學雜費退費基準表規定辦理。

* 113 年 09 月 08 日前辦竣休、退學者，免交學雜費
* 113 年 10 月 21 日前辦竣休、退學者，退還學雜各費三分之二。
* 113 年 12 月 02 日前辦竣休、退學者，退還學雜各費三分之一。
* 113 年 12 月 03 日起辦理休退學者，不予退費。

承辦單位：出納組，分機 11310、11313、11314。
"
申請保留學籍，請問有哪些申請資格？,"1. 因重病需長期療養，持有區域醫院或醫學中心開具之診斷證明書。 
2. 陸生、僑生或外國學生因故不能按時來校報到者。 
3. 因應徵召服兵役者，應檢具服役證明文件，申請延長保留學籍至服義務役期滿。 
4. 因懷孕、生產或撫育三歲以下子女，得於註冊開始前，持證明文件向學校申請保留入學資格。 
5. 參加「青年教育與就業儲蓄帳戶方案」之高級中等學校畢業生考取本校後入學者。

承辦單位：教務處綜合業務組，分機 11111～11122。
"
申請保留學籍，請問申請時間和申辦資料是什麼？,"113 年 8 月 29 日(上班日)以前 親自至綜合業務組辦理，逾期不予受理。 申辦資料： 

1. 保留學籍申請暨程序單(現場填寫)。 
2. 畢業證書或同等學力證明書及身分證影本 1 份。 
3. 區域醫院或醫學中心開具之診斷證明書正本(請註明需六週以上長期療養)。 
4. 一個掛號回郵信封(貼足 28 元郵資)。

承辦單位：教務處綜合業務組，分機 11111～11122。
"
我要申請休學，請問有哪些注意事項？,"1. 於開學前 113/9/6(五)完成辦理者，毋需繳交學雜費。 開學日起依規定收費。 
2. 學生團體保險（學生平安保險)
基於保障學生團體保險之權益，學生於休學期間仍有資格參加學生團體保險，建議繼續繳交學生團體保險費，否則視同放棄此權益，日後如發生意外事故則無法申請保險理賠。休學學生欲參加學生團體保險者，請於每學期開學日起 3 週內，至本校出納組繳交保險費，逾期將不受理。

承辦單位：學務處生活輔導組，分機 11214。
"
大一英文分級測驗是什麼？,大一英文分級測驗是靜宜大學針對大一新生施行的線上測驗，用以評估學生的英語能力，並將學生分為不同程度的班級上課。
大一英文分級測驗的時間是什麼時候？,113學年度大一英文分級測驗將於 113 年 8 月 26 日至 8 月 27 日舉行。
大一英文分級測驗的測驗方式是什麼？,大一英文分級測驗為線上測驗，共分聽力和閱讀兩部分，各佔 50%。
我沒有參加大一英文分級測驗怎麼辦？,沒有參加大一英文分級測驗的學生，將無法分班上課，需於開學後向外語教學中心申請補考。
大一英文課程如何修課？,大一英文課程為每週兩小時的大一英文課程及自主學習，課程地點、時段請上 e 校園服務網查詢課表。
大一英文課程如何分班？,大一英文課程依「大一英文分級測驗」結果分級分班上課，不得提出降級修習要求。
大一英文課程的成績如何計算？,"大一英文課程的學期總成績配分方式如下

出席、小考、作業等30%
期中報告30%
期末考30%
課外學習活動參與10%
"
大一英文課程有哪些課外學習活動？,"大一英文各組別學生每學期必須參加以下課外學習活動：

TA 課業輔導 3 次/學期 (3 分/3 次)
英語角 3 次/學期 (3 分/3 次)
國際文化村 1 次/學期 (2 分/1 次)
國際化教育系列講座 1 次/學期(2 分/1 次)
語言學習競賽依當學期公告為主每班至少推派 2-4 人(組)參加
"
我是體優生，可以修習一般大一英文課程嗎？,體優生若欲修習一般大一英文課程，仍須參加英文分級測驗始取得修課資格。
靜宜大學有哪些英語能力檢定獎勵辦法？,靜宜大學為鼓勵學生參加英語能力檢定，訂有「外語能力檢定獎勵與補助辦法」，請至本校「外語教學中心」網頁查看及下載。
靜宜大學的英文畢業門檻是什麼？,靜宜大學校訂英文能力畢業條件為多益測驗 550 分或全民英檢中級初試通過。
我要如何查詢英文畢業門檻配套措施的相關資訊？,"請至靜宜大學外語教學中心網頁查看及下載「靜宜大學校訂英文能力畢業條件配套措施實施要點」。

承辦單位：外語教學中心，分機：19231~19234。
"
入學前修習了「全國大學先修課程平台、ewant:SOS、全國夏季學院…」等課程，可以申請學分抵免嗎？,可以。大一新生在入學前修習的「全國大學先修課程平台、ewant:SOS、全國夏季學院…」等課程，如果符合規定，可以申請學分抵免。
學分抵免申請資格？,"1. 大一新生於入學前修習「全國大學先修課程平台、ewant:SOS、全國夏季學院…
等」者。
2. 重考入學者。
3. 五專生(專四、專五修習及格之課程)皆可提出申請。

承辦單位：教務處綜合業務組，分機 11111～11122。
"
學分抵免的申請時間是什麼時候？,"2024 年 8 月 1 日至 2024 年 8 月 29 日。

承辦單位：教務處綜合業務組，分機 11111～11122。
"
申請學分抵免需要準備哪些資料？,"原就讀學校之成績單正本二份（一份繳交至各學系辦公室，一份送綜合業務組）。

承辦單位：教務處綜合業務組，分機 11111～11122。
"
如何申請學分抵免？,"1. 至 e 校園服務網登入校園帳號密碼。 
2. 於網頁右上方搜尋框內輸入「抵免」，按下搜尋按鈕。 
3. 點選「抵免科目申請」。

承辦單位：教務處綜合業務組，分機 11111～11122。
"
申請學分抵免後，如果通過審核，是否可以重複修習該課程？,"不可以。申請學分抵免後，如果通過審核，請勿重複修習該抵免課程。如果個人課表已有該課程，請自行退選。

承辦單位：教務處綜合業務組，分機 11111～11122。
"
申請學分抵免的相關辦法及細則可以到哪裡查詢？,"綜合業務組網頁 -> 抵免 -> 學系學分抵免細則

承辦單位：教務處綜合業務組，分機 11111～11122。
"
非英文系新生如何申請免修英文課程？,"非英文系新生可於即日起至開學日 17:00 前，向外語教學中心申請免修英文課程。申請時需備妥免修英文申請書及相關證明文件。詳細說明請參閱「靜宜大學非英文系學生免修校訂大一『英文』課程作業要點」。

承辦單位：外語教學中心，分機 19232。
"
英文系新生如何申請免修語文課程？,"英文系新生可於開學前一週於系辦申請免修語文課程。申請時需備妥免修英文申請書及相關證明文件。詳細說明請參閱「靜宜大學英國語文學系甄試免修語文課程作業要點」。

承辦單位：英文系，分機 12026。
"
寰宇外語學士學位學程新生如何申請免修語文課程？,"寰宇外語學士學位學程新生可參閱「靜宜大學寰宇外語教育學士學位學程非師培生甄試免修語文課程作業要點」，申請免修非師培生免修語文課程。

承辦單位：寰宇外語學位學程，分機 19251。
"
西文系新生如何申請免修語文課程？,"西文系新生可參閱「靜宜大學西班牙語文學系甄試免修語文課程作業要點」，申請免修語文課程。

承辦單位：西文系 ，分機 12032。
"
日文系新生如何申請免修語文課程？,"日文系新生可參閱「靜宜大學日本語文學系甄試免修語文課程作業要點」，申請免修語文課程。

承辦單位：日文系 ，分機 12012。
"
非資訊學院新生如何申請免修「資訊應用概論」、「程式設計概論」課程？,"非資訊學院新生可於開學日 17:00 前向資訊學院辦公室 (主顧 602) 申請免修「資訊應用概論」、「程式設計概論」課程。如需考試，時間另行通知。

承辦單位：資訊學院 ，分機 18007。
"
閱讀書寫暨素養課程研發中心的宗旨為何？,"靜宜大學閱讀書寫暨素養課程研發中心的宗旨是致力於翻轉大學國語文傳統教學模式，提昇學生核心素養能力，從大學階段的「關鍵第一年」開始，打造學習階梯，透過多元化的參與式學習，引導學生探索自我生命歷程，養成閱讀理解、探究議題的核心素養，觸發未來職涯想像，培育具利他實踐精神及多元敘事力的青年。
"
閱讀與書寫課程的修課條件為何？,"閱讀與書寫課程為大一新生必修課程。
"
閱讀與書寫課程的教材為何？,"閱讀與書寫課程的教材為《與世界的孤獨同在》與《在世界的每一天》。
"
跨域與設計向度課程的修課條件為何？,"跨域與設計向度課程為大一新生通識課程。
"
跨域與設計向度課程有哪些？,"跨域與設計向度課程包括大學學習有方法、聆聽與溝通、時間管理、大學學習 PaPaGo 等課程。
"
閱讀與書寫課程有哪些自主學習深化活動？,"閱讀與書寫課程的自主學習深化活動包括生命史講座、閱讀理解工坊、未來領袖敘事力學生團隊培力、靜宜大學文學獎等。

承辦單位：閱讀書寫暨素養課程研發中心 ，分機 16106~16108。
"
什麼是設計思考與實踐課程？,設計思考與實踐課程是一門以議題為導向的通識必修課程，旨在培養學生的批判性思考、問題解決能力、多元思維、創新與創意能力。課程將結合設計思考的步驟與方法，引導學生在實作中進行學習與反思，鼓勵學生將個人經驗連結現實議題，探索現實問題與需求。
課程對象是誰？,課程對象為大一新生。
設計思考與實踐(跨域與設計)課程的課程安排如何？,課程為 1 學分、1 學期課程，屬通識必修。課程將依原班級分班，選課系統中已協助將當學期需上課之班級預選完畢。
哪些學生可以免修設計思考與實踐(跨域與設計)課程？,原服務學習課程及 109 學年度設計思考與實踐課程未通過者、提高編級生不須修習。
如何抵免設計思考與實踐(跨域與設計)課程？,欲進行抵免者，須符合「靜宜大學學生抵免學分辦法」第六條第一項規範，並請務必依「綜合業務組網頁 -> 熱門連結 -> 抵免 -> 作業時程，於規定時間上網申請並繳交成績證明正本，辦理抵免」，逾期不再受理。
113 學年度第 1 學期正式上課日期？,113 年 9 月 9 日
哪裡可以查詢課程資訊？,本校首頁「e 校園服務網」 -> 公眾項目 -> 點選「選課手冊暨課程綱要查詢」
什麼時候可以開始選課？,113 年 6 月 1 日起
哪裡可以查詢選課時間表？,本校首頁「e 校園服務網」 -> 公眾項目 -> 點選「選課手冊暨課程綱要查詢」 -> 右上角「選課時間表」
哪裡可以查詢個人課表？,本校 e 校園服務網 -> 輸入校園資訊服務帳號、密碼 -> 點選「各類系統功能」 -> 點選「教務」 -> 點選「選課查詢」
什麼時候可以退選課程？,"依 113 學年度第 1 學期選課時間表內的網路退選開放時間辦理

承辦單位：教務處綜合業務組，分機 11111～11122。
"
哪裡可以辦理退選課程？,"e 校園服務網 -> 查詢「網路退選」

承辦單位：教務處綜合業務組，分機 11111～11122。
"
新生什麼時候可以加退選課程？,"依 113 學年度第 1 學期選課時間表內的加退選階段，自行上網辦理

承辦單位：教務處綜合業務組，分機 11111～11122。
"
哪裡可以查詢新生選課輔導說明？,"https://dorac.pu.edu.tw/p/412-1059-2413.php?Lang=zh-tw
"
哪裡可以查詢學生選課辦法？,https://dorac.pu.edu.tw/var/file/59/1059/img/441/0204.pdf
哪裡可以查詢各學系應修科目及學分數？,"本校 e 校園服務網 -> 公眾項目 -> 「課程架構圖」
"
新生可於何時申請輔系、雙主修、學分學程之修習資格？,新生可於入學學年度申請輔系、雙主修、學分學程之修習資格。
113 學年度輔系、雙主修、學分學程的申請日期為何？,113 學年度輔系、雙主修、學分學程的申請日期為 113/9/2 至 113/9/6。
如何申請輔系、雙主修、學分學程？,"1. 前往本校網頁（https://www.pu.edu.tw/）
2. 點選「e 校園服務網」 
3. 輸入帳號、密碼 
4. 點選「各類系統功能」 
5. 點選「教務」 
6. 點選「輔系、雙主修申請」或「學程申請」 即可進入申請系統。"
申請輔系、雙主修、學分學程是否有任何限制？,申請修習資格無限制，於申請系統完成操作，即為申請成功。
申請輔系、雙主修、學分學程成功後，若因操作造成申請資料錯漏，該如何處理？,若因操作造成申請資料錯漏，務請於 113/9/11 下班前至綜合業務組申明更正。
申請輔系、雙主修、學分學程成功後，何時需開始修習輔系、雙主修、學分學程之課程？,申請成功者請於加退選期間自行加選申請之輔系、雙主修或學分學程相關課程。
若申請輔系、雙主修，但於 113 學年第 1 學期未修得任何相關課程，會如何？,申請輔系、雙主修者，須於 113 學年第 1 學期修得輔系、雙主修之課程至少一科，否則將取消輔系、雙主修修習資格。
學士班學生修習碩士班課程甄選作業要點在哪裡可以找到？,"靜宜大學學士班學生修習碩士班課程甄選作業要點可以至本校「綜合業務組」→點選「章則辦法」→點選「學籍成績相關法規」，查看或下載。

承辦單位：教務處綜合業務組，分機 11111 ~ 11122。
"
各項教務文件申請方式有哪些？,"* 線上申請(隔半個工作天到校取件)：申請路徑請進入學校首頁「e 校園服務網」登入個人帳號後，點選「各類系統功能」 -> 點選「教務」 -> 「申請教務文件」。
* 「全功能成績列印自動化繳費機」(現場取件)：操作機器，地點：文興樓一樓大門、至善樓東門。
* 「教務文件列印 POS 系統」：操作機器，地點：主顧樓一樓。

承辦單位：教務處綜合業務組，分機 11111 ~ 11122。
"
成績及學分試算系統查詢方式？,靜宜大學在校學生若需查詢各學期之學期成績，請在期末教師登錄成績截止日後，至本校首頁點選「e 校園服務網」登入個人帳號後，點選「各類系統功能」 -> 點選「教務」 -> 點選「成績查詢」。 
學分試算表的使用方式？,"1. 進 e 校園服務網→輸入帳號、密碼→點選「各類系統功能」→點選「教務」→「學分試算表」，瀏覽個人至目前為止之修課情形。
2. 科目名稱前打「√」者表示已修習及格，打藍色實體「修」者表示正在修習中，打「X」者表示尚未修習，打橘色空心「免」表示免修但不計學分。"
請問新生啟航週是什麼？,新生啟航週是靜宜大學為大一新生舉辦的系列活動，旨在幫助新生熟悉校園環境、認識學校資源、融入大學生活。活動內容包括新生家長日、啟航典禮、系務介紹、導師時間、定向輔導、職涯探索、社團博覽會、領航生命教育、系學會迎新、健康檢查等。請務必全程參與。
新生啟航週的活動時間是什麼時候？,2024 年 9 月 2 日至 4 日（一至三），不含探索式微專題。
新生啟航週的活動流程是？,各班新生啟航週流程，請依照「113 學年度新生啟航各班活動時程表」之時間、地點前往集合。每班皆有榮譽學長姐帶領，請大一新生依當日第一個活動安排提前抵達。
新生啟航週有什麼注意事項？,1. 前三天活動內容需移動不同場域，請同學穿著輕便服裝及舒適鞋款（不宜著拖鞋），並自備水瓶（校園各大樓皆設有飲水機）、環保餐具（本校推動環保校園，校內並未提供免洗筷、湯匙、塑膠吸管）。 2. 其他說明：新生啟航週活動緊鑼密鼓籌備中，將以最高規格、有趣的活動歡迎學弟妹的到來，活動內容不定時更新，請新生開學前務必上網查閱活動詳情。
新生在學習方面需要注意什麼？,"1. 請勿任意向推銷商訂購書刊以免產生糾紛。 
2. 請尊重智慧財產權，不得非法影印。"
新生在行車方面需要注意什麼？,"1. 請家長配合勸導「新生請勿騎機車」。 
2. 校內公車資訊：本校有多家客運行駛入校歡迎踴躍搭乘，減少騎乘汽機車。搭車資訊可詳見事務組網頁：https://dbs.pu.edu.tw/p/403-1069-802.php?Lang=zh-tw"
新生在生活方面需要注意什麼？,"本校校園內生活機能健全完善： 

1. 飲食方面：校內設有三家餐廳、便利商店、咖啡廳、食物販賣機等。 
2. 生活方面：郵局、提款機、敦煌書局、生活用品店等設施，可提供新生校園內生活所需。

本校餐廳禁用免洗餐具以及不提供一次性塑膠吸管，請同學自備環保餐具，共同維護校園環境。"
新生宿舍申請期限為何？,"* 第一階段申請(特殊選才、繁星推薦、申請入學已錄取同學)：113 年 6 月 19 日至 113 年 7 月 9 日 17:00 前
* 第二階段申請(運動績優、身心障礙、四技二專、分發入學、原住民專班及社工系二年
制在職專班錄取同學)：113 年 8 月 15 日至 113 年 8 月 21 日 17:00 前"
如何查詢新生宿舍申請結果？,"* 第一階段結果查詢(特殊選才、繁星推薦、申請入學已錄取同學)：113 年 7 月 10 日下午 4 點過後自行至靜宜大學首頁「e 校園服務網」查詢。
* 第二階段結果查詢(運動績優、身心障礙、四技二專、分發入學、原住民專班及社工系二年
制在職專班錄取同學)：113 年 8 月 22 日下午 4 點過後自行至靜宜大學首頁「e 校園服務網」查詢。"
新生宿舍繳費期限為何？,繳費期限內連同學雜費一倂繳交，繳費後除休、退學外概不退費。
新生宿舍如何分配？,新生按同系同班分配為原則。分配床位後，若不住宿者，請將「放棄床位聲明書」傳真至住宿服務組，否則視為同意住宿，需繳交住宿費。
新生宿舍寢室設備為何？,學生宿舍每間寢室備有床、衣(物)櫥、桌燈及書桌(架)椅、電話、網路點、冷氣(思高使用 IC 卡；善牧使用一卡通儲值付費)。個人寢具樣式及顏色不限，請自備。
宿舍床鋪規格為何？,"* 希嘉學苑除特殊床位外，一般床鋪規格約長 210 公分*寬 100 公分。
* 思高學苑床鋪規格約長 205 公分*寬 95 公分。
* 善牧學苑床鋪規格約長 200 公分*寬 100 公分。
"
新生宿舍報到要準備什麼？,"辦理新生宿舍報到時，請攜帶以下文件：

* 身分證件
* 兩張二吋照片
* 住宿切結書（已填寫完成）

請於 113/08/31(六)~113/09/01(日)早上 09:00 至下午 4:00 依各系分配時間進住宿舍。"
我無法於分配時間內進住宿舍，怎麼辦？,若無法於分配時間內進住宿舍，可於開學後一週內（113/09/09~113/09/15）自行至宿舍服務台辦理進住手續。
宿舍床位可以轉讓嗎？,不行。宿舍床位不得自行轉讓，違者依校規處分。
"宿舍辦公室的電話號碼是多少？
","* 希嘉學苑：04-26328001 分機：11241-11243、11247、11248。 
* 思高學苑：04-26328001 分機：11246、11251-11253。 
* 善牧學苑：04-26328001 分機：11250"
請問寧靜宿舍的規範為何？,"1. 進入寧靜區應保持安靜，勿大聲喧嘩或在走廊奔跑，所有動作均應減低音量。 
2. 為維護住宿品質請留意住宿區及寢室內之通訊、電腦、電器、娛樂等使用之音量。 
3. 夜間依規定關閉交誼廳、走廊、寢室內大燈，並禁止於寧靜區宿舍內盥洗。 
4. 進入房間內請保持安靜，聆聽音樂時請使用耳機。 
5. 依「臺灣學術網路使用規範」屬全校性之封鎖部分為：P2P 軟體 BT、eMule(eDonkey)、Foxy、GoGoBox(ClubBox)、迅雷(Thunder)、PPStream 及 QQLive 等相關軟體。"
新生各系進住宿舍時間為何？,"* 113 年 8 月 31 日(星期六) 
09：00 - 11：00 應用化學系 食品營養學系 化粧品科學系
10：30 - 12：30 英國語文學系 日本語文學系 西班牙語文學系
12：30 - 14：30 資訊傳播工程學系 資訊工程學系 資訊管理學系
14：00 - 16：00 社會工作與兒童少年福利學系 法律學系 健康照顧社會工作原住民專班 法律學士學位學程原住民專班


* 113 年 9 月 1 日(星期日) 
09：00 - 11：00 企業管理學系 財務工程學系 資料科學暨大數據分析與應用學系
10：30 - 12：30 財務金融學系 觀光事業學系
12：30 - 14：30 生態人文學系 大眾傳播學系 國際企業學系
14：00 - 16：00 中國文學系 台灣文學系 會計學系 寰宇管理學士學位學程 寰宇外語教育學士學位學程
"
男生宿舍收費標準？,"男生宿舍收費標準如下： 

思高學苑 三人房：10,500 元(18 週) 
思高學苑 兩人房(特殊寢室)：13,500 元(18 週) 
希嘉學苑 四人房：10,500 元(18 週) 
希嘉學苑 一樓三人房：10,000 元(18 週) 
善牧學苑 四人房：15,500 元(18 週) 

* 學生宿舍皆為冷氣寢室。保證金另計，保證金退宿時，若鑰匙如實歸還且公物無缺損則全數退費。 
* 思高學苑冷氣電費另計，以冷氣 IC 卡儲值付費。 善牧學苑冷氣電費另計，以一卡通儲值付費。"
女生宿舍收費標準？,"女生宿舍收費標準如下： 
希嘉學苑 四人房：10,500 元(18 週) 
希嘉學苑 一樓三人房：10,000 元(18 週) 
希嘉學苑 一樓三人房：14,500 元(18 週) 
善牧學苑 四人房：15,500 元(18 週) 

* 學生宿舍皆為冷氣寢室。保證金另計，保證金退宿時，若鑰匙如實歸還且公物無缺損則全數退費。 
* 希嘉學苑冷氣電費另計，以冷氣 IC 卡儲值付費。 善牧學苑冷氣電費另計，以一卡通儲值付費。"
健康檢查的時間和地點？,"新生入學健康檢查的時間和地點如下：

時間：參考『靜宜大學新鮮人指南 -> 重要日程表及新生活動 -> 新生啟航週 -> 新生啟航週系列活動』各系所健康檢查之排定時段。
地點：至善樓 B1 動靜教室"
健康檢查的費用是多少？,新生入學健康檢查的費用以學雜費代收款項為準。
健康檢查的項目有哪些？,"* 一般檢查：身高、體重、體脂肪、腰圍、血壓、脈搏、聽力、視力、辨色力及口
腔檢查。
* 理學檢查：頭頸部、胸部、腹部、皮膚及脊柱四肢。
* 血液常規檢查：血色素(HGB)、白血球數(WBC)、紅血球(RBC)、紅血球容積比(HCT)、平均紅血球容積(MCV)、平均紅血球血色素量(MCH)、平均紅血球血色素濃度(MCHC)、血小板(PLT)
* 尿液檢查：尿糖(GLU)、尿蛋白(PRO)、尿潛血(OB)及酸鹼值(PH)。
* 肝功能檢查：血清麩酸草酸轉胺脢(SGOT) 、血清麩酸丙酮酸轉胺脢(SGPT)。
* 腎功能檢查：尿素氮(BUN)、肌酸酐(Creatinine)、尿酸(UA)。
* 血脂肪檢查：總膽固醇(T-Chol)、三酸甘油脂(TG) 、高密度脂蛋白膽固醇(HDL)、低
密度脂蛋白膽固醇(LDL)。
* 血糖檢查：空腹血糖(AC)或飯後血糖(PC)。
* 胸部Ｘ光檢查：X 光大片。"
健康檢查有哪些注意事項？,"新生入學健康檢查的注意事項如下：

(一) 請務必於排定時間內前來檢查。健檢前請於 E 校園服務網 -> 各類系統功能 -> 教務 -> 學生基本資料確認 -> 個資使用同意書簽署→健康檢查作業委託「承檢醫院」個資使用同意書。
(二) 健康檢查前三天請維持正常作息、勿暴飲暴食。
(三) 檢查當天不需禁食，並告知檢驗人員進食狀況。抽血後須按壓抽血部位三至五分鐘，勿搓揉，如有昏眩現象請告知檢驗人員或暫時坐著休息數分鐘後再行離開。檢查當天，請穿著輕便上衣，並將項鍊取下，以利胸部 X 光檢查；近視或遠視者，務必配戴眼鏡，俾利視力檢查。檢查前，請勿先解尿，以方便尿液檢查。
(四) 未完成健康檢查者，相關福利、權益損失或形成校園公共安全問題受到處分，須自行負責。
(五) 當日未完成健康檢查者，請自行於開學 1 個月內至承檢醫院或其他區域級以上醫院補檢，報告須親交至諮商暨健康中心存查。
(六) 如有疑問請洽詢諮商暨健康中心，分機 11232、11233。"
健檢報告什麼時候會發放？,健檢報告將於健檢後五週，由諮商暨健康中心安排時間發放，並進行團體衛教說明與注意事項。
如果在校內已完成團體健檢，開學前辦理休學者該如何領取健檢報告？,在校內已完成團體健檢，開學前辦理休學者請自行於開學 1 個月內至健康中心(至善樓 B1)領取個人健檢報告，如未前來領取報告，六個月後統一由校方銷毀處理。
411 遊留學計畫是什麼？,靜宜大學的 411 遊留學計畫是希望每位學生在畢業前都能出國遊學一次、留學一次。遊學指的是寒暑假短期課程，留學指的是至少一學期當交換學生。
為什麼要推動 411 遊留學計畫？,靜宜大學認為，國際化的視野是現代人才必備的條件。透過出國遊留學，學生可以增進語文能力、體驗不同文化、拓展國際視野，提升全球競爭力。
411 遊留學計畫有哪些內容,"411 遊留學計畫包括以下內容：

* 交換學生計畫：學生可以到靜宜的姐妹校交換，修習課程、體驗當地生活。
* 遊學團：國際處每年寒暑假與姐妹校合作推出遊學團，讓學生短期體驗國外生活。
* 雙聯學制：學生可以透過雙聯學制，到國外姐妹校修習課程，取得雙學位。"
申請交換學生有哪些條件？,"申請交換學生需具備以下條件：

* 學業成績歷年平均 GPA 2.75 以上
* 依申請學校授課語言出具相關語言能力證明
* 具有勇於面對新環境的決心和彈性，以適應國外留學生活"
申請交換學生要準備哪些資料？,申請交換學生需準備以下資料：申請表、成績單、語言能力證明、推薦信、個人陳述
遊學團有哪些特色？,遊學團有以下特色：短期體驗國外生活、不需要語言門檻、可依照語言能力適性分班課程、期間安排當地觀光及文化活動、部分地區有獎學金補助、返校抵學分
雙聯學制有哪些優勢？,雙聯學制有以下優勢：獲得國外姐妹校的畢業證書、畢業即擁有雙學位、增加競爭力
如何申請遊學團？,申請遊學團可至國際處 411 遊留學中心索取報名表，或於線上報名。
如何申請雙聯學制？,申請雙聯學制可至國際處 411 遊留學中心索取報名表，或於線上報名。
新生在學役男緩徵、儘後召集如何申請？,請依照新生手冊內附表－113 學年度第 1 學期男生兵役狀況調查表，於註冊日前先行填妥並備齊相關文件。
尚未服役的學生，需要準備哪些文件？,備妥身分證正、反面影本黏貼於表格內。
已服完兵役或現役的學生，需要準備哪些文件？,"備妥身分證正、反面影本黏貼於表格內，並依身分別繳交下列資料：

* 常備役退伍令影本 
* 替代役退役證明書 
* 二階段軍事訓練結訓令 
* 補充兵證書 
* 已服畢國民兵佐證 
* 現役軍人身分證明"
免服役的學生，需要準備哪些文件？,"備妥身分證正、反面影本黏貼於表格內，並依身分別繳交下列資料： 

* 身心障礙證明 
* 免役證明"
兵役狀況調查表資料收繳日期是？,113/9/1～113/9/4（由班級輔導幹部，依新生啟航週排定之各班級活動時程表，收繳資料）
填寫兵役狀況調查表時，有哪些注意事項？,"* 請確實依照填表說明填寫，並預先備齊相關證明文件以供查核。 
* 證明文件均須正、反面影印，除身分證須裁剪黏貼於表格內，餘均隨表裝訂即可。"
若新生啟航週期間未繳交調查表或缺證明文件，會怎麼樣？,"恐影響新生役男個人權益，為免延宕承辦單位作業時程，均請於開學後三日內自行繳交至軍訓室。

承辦人：黃川政先生，分機 16226。
"
可以在哪裡查詢役男緩徵相關資訊？,可以參閱靜宜大學首頁 -> 行政單位 -> 學務處 -> 軍訓室 -> 兵役訊息網頁「在學役男新生、轉學生、復學生緩徵及儘後召集申請作業」辦理。
在學期間兵役狀況如有異動，該怎麼辦？,請持役畢或免役證明至軍訓室辦理兵役異動。
,
